MARKET	SERIES	SYMBOL	SECURITY	PREV_CL_PR	OPEN_PRICE	HIGH_PRICE	LOW_PRICE	CLOSE_PRICE	NET_TRDVAL	NET_TRDQTY	CORP_IND	HI_52_WK	LO_52_WK
N	SM	AATMAJ	AATMAJ HEALTHCARE LIMITED	25.75	26	26	24.5	24.5	351400	14000	 	43.1	23.1
N	SM	ABSMARINE	ABS MARINE SERVICES LTD	199.8	202	202.4	193	193.85	9223725	47000	 	425	183
N	SM	ACCENTMIC	ACCENT MICROCELL LIMITED	288.4	295	295	275.05	277.25	11555875	40500	 	339.95	224
N	SM	ACCORD	ACCORD SYNERGY LIMITED	27.6	27.65	27.65	26.25	26.25	160300	6000	 	37	23.65
N	SM	AERON	AERON COMPOSITE LIMITED	189.5	188	188	175.1	176.35	12191850	68000	 	202.2	118
N	SM	AESTHETIK	AESTHETIK ENGINEERS LTD	70.3	69.05	69.5	67.25	67.25	2877600	42000	 	127.5	66.05
N	SM	AGARWALFT	AGARWAL FLOAT GLASS I LTD	71.9	71	71	68.3	70.5	6192075	88500	 	103.95	40
N	SM	AGARWALTUF	AGARWAL TOUGH GLASS IND L	128.05	127.6	128	119.1	121.75	16670820	136800	 	147.7	119.1
N	SM	AGNI	AGNI GREEN POWER LTD	38.8	38.8	38.8	37	38.15	766250	20000	 	84.7	32
N	SM	AGUL	A G UNIVERSAL LIMITED	51	48.45	53.55	48.45	53.5	517500	10000	 	85	47.5
N	SM	AKIKO	AKIKO GLOBAL SERVICES L	73.75	73.75	76.5	73.75	76	843360	11200	 	98	62.8
N	SM	ALPEXSOLAR	ALPEX SOLAR LIMITED	860.95	855	878.7	802.55	821.35	63610050	76000	 	1131.7	235
N	SM	ALUWIND	ALUWIND ARCHITECTURAL LTD	61.2	64.25	64.25	63.6	64.2	9054525	141000	 	82.4	39.5
N	SM	AMBEY	AMBEY LABORATORIES LTD	69.85	68.1	68.1	63.45	65.3	3295600	50000	 	97.2	56.1
N	SM	AMIABLE	AMIABLE LOGISTICS (I) LTD	87	90	90	90	90	144000	1600	 	102.95	60.5
N	SM	ANLON	ANLON TECHNOLOGY SOL LTD	411.6	418.95	421.85	391.05	391.05	5700720	14000	 	607	208
N	SM	ANNAPURNA	ANNAPURNA SWADISHT LTD	428.7	430.05	441	389.65	408.8	110861750	263750	 	494.9	270
N	SM	APEXECO	APEX ECOTECH LIMITED	144.6	142.5	143.9	135	136.7	27499360	198400	 	158.8	118.15
N	SM	ARABIAN	ARABIAN PETROLEUM LIMITED	87.9	87.9	88.1	87.1	87.95	1400300	16000	 	115	71.05
N	SM	ARHAM	ARHAM TECHNOLOGIES LTD	134.15	130	130	125	126.5	1665300	13000	 	329.95	121.75
N	SM	ASLIND	ASL INDUSTRIES LIMITED	36.1	37.9	37.9	37.9	37.9	75800	2000	 	80	29.55
N	SM	AUROIMPEX	AURO IMPEX & CHEMICALS L	81.75	80.25	80.25	75.9	75.95	1006960	12800	 	118	60.5
N	SM	AUSL	ADITYA ULTRA STEEL LTD	49.5	50.2	50.2	48.5	48.5	297300	6000	 	72	47.7
N	SM	BABAFP	BABA FOOD PROCESSING	60.95	61.75	62.5	60.35	61.6	2460720	40000	 	71.5	48.2
N	SM	BAWEJA	BAWEJA STUDIOS LIMITED	69	69.8	70	66.2	66.35	1037600	15200	 	183	65.45
N	SM	BEACON	BEACON TRUSTEESHIP LTD	102.35	102	102	97.1	97.1	2464100	25000	 	151	84.15
N	SM	BETA	BETA DRUGS LIMITED	2054.9	2054.9	2072	1991	1998.35	7109510	3500	 	2326	1060.05
N	SM	BIKEWO	BIKEWO GREEN TECH LIMITED	30	30.05	30.25	28.8	28.95	1000000	34000	 	47.25	27.6
N	SM	BLUEPEBBLE	BLUE PEBBLE LIMITED	332	344	344	318	321.65	2344220	7200	 	390	186
N	SM	BMETRICS	BOMBAY METRICS S C LTD	60.85	59	62.45	57.05	61.45	521200	8800	 	234.6	54.85
N	SZ	BRIGHT	BRIGHT SOLAR LIMITED	4.1	3.9	3.9	3.9	3.9	327600	84000	 	12.5	3.9
N	SM	C2C	C2C ADVANCED SYSTEMS LTD	858	847.7	849.95	815.1	815.5	311776560	379800	 	920	429.4
N	SM	CANARYS	CANARYS AUTOMATIONS LTD	38.8	38.5	39.2	37.35	37.75	2306600	60000	 	68.7	27
N	SM	CBAZAAR	NET AVENUE TECHNOLOGIES L	10.95	11.25	11.25	10.65	10.7	1128400	104000	 	31.85	10.65
N	SM	CELLECOR	CELLECOR GADGETS LIMITED	72.2	75.45	75.8	70.75	74.3	239059650	3192000	 	330.5	30
N	SM	CELLPOINT	CELL POINT (INDIA) LTD	28	28	28	26.15	27	456240	16800	 	55.2	26.15
N	SM	CGRAPHICS	CREATIVE GRAPHICS S IND L	225.25	229.95	229.95	210.2	212.6	24226320	110400	 	331.7	139.95
N	SM	CHAVDA	CHAVDA INFRA LIMITED	161.65	164.9	164.9	151.6	157.45	9892050	63000	 	208.85	87
N	SM	CHETANA	CHETANA EDUCATION LIMITED	96.05	93.55	93.95	91	91.7	2214880	24000	 	111	75.4
N	SZ	CLOUD	VARANIUM CLOUD LIMITED	15.05	15	15.1	14.3	14.3	1642600	113000	 	147	13.8
N	SM	CLSL	CROP LIFE SCIENCE LIMITED	49.5	48.05	52	47.6	48	2798300	56000	 	69.2	36.5
N	SZ	CMMIPL	CMM INFRAPROJECTS LIMITED	2.8	2.8	2.9	2.8	2.9	190200	66000	 	5	1.6
N	SM	CMRSL	CYBER MEDIA RES & SER LTD	106.25	106.25	106.25	100.95	100.95	408080	4000	 	205	86.2
N	SM	CRAYONS	CRAYONS ADVERTISING LTD	100.2	100.2	104	96.05	96.95	1595000	16000	 	259	90.15
N	SM	DANISH	DANISH POWER LIMITED	1178.2	1207.95	1237.8	1101.15	1121.65	174185610	150900	 	1316	541.5
N	SM	DCG	DCG CABLES & WIRES LTD	120	117	117	114	114	6348000	55200	 	182.5	77
N	SM	DEEM	DEEM ROLL TECH LIMITED	84.65	85.05	85.05	83.9	83.95	505600	6000	 	210	74.25
N	SM	DELAPLEX	DELAPLEX LIMITED	209	229.9	248	225	230.9	20662680	88200	 	336	184.05
N	SM	DENTALKART	VASA DENTICITY LIMITED	730.8	738	738	707.3	710.8	12651862.5	17500	 	840	401
N	SM	DHARIWAL	DHARIWALCORP LIMITED	129.9	129.9	138.5	129.9	138.5	638880	4800	 	170	122.95
N	SM	DIVYADHAN	DIVYADHAN RECYCLING IND L	76.3	74.15	74.15	74	74	2075900	28000	 	96	66
N	SM	DKEGL	D K ENTERPRISES GLOBAL L	76.35	75.05	75.05	75.05	75.05	112575	1500	 	103.8	53.9
N	SM	DOLLEX	DOLLEX AGROTECH LIMITED	39.85	39.5	39.5	39.5	39.5	158000	4000	 	54.35	32.15
N	SM	DTL	DIENSTEN TECH LIMITED	171	178.5	178.5	164.35	164.35	608700	3600	 	264.6	133
N	SM	DUCOL	DUCOL ORGS AND COLOURS LT	133.75	133.8	133.8	127.75	130	835280	6400	 	164.4	85.05
N	SM	DUGLOBAL	DUDIGITAL GLOBAL LIMITED	61	61	61	58	58	597000	10000	 	90.45	53.2
N	SM	DURLAX	DURLAX TOP SURFACE LTD	59.1	58.9	59.4	53	55.3	7904400	140000	 	109	53
N	SM	EFORCE	ELECTRO FORCE (INDIA) LTD	57.15	57	57	54.1	54.45	1594920	28800	 	152	54.1
N	SM	EMKAYTOOLS	EMKAY TAP & CUT. TOOL LTD	471.85	489	498.95	460	470.6	3868852.5	8100	 	521.85	443
N	SM	ENVIRO	ENVIROTECH SYSTEMS LTD	127.9	126	126	117.2	119.15	12879200	106000	 	155	89.05
N	SM	ESPRIT	ESPRIT STONES LIMITED	142.3	141.95	153.9	136.25	138	54300640	372800	 	153.9	86.25
N	SM	ETML	EMERALD TYRE MANUF LTD	174.65	174.85	175	153	160.9	16029420	97200	 	198.95	153
N	SM	EUROBOND	EURO PANEL PRODUCTS LTD	195	188.65	188.65	183	183.5	2948650	16000	 	230	140.5
N	SM	EXCELLENT	EXCELLENT WIRES N PACK L	60.3	58.2	58.2	58.2	58.2	93120	1600	 	89.25	52
N	SM	FALCONTECH	FALCON TECHNOPROJ IND LTD	51.1	50	51.5	49.1	49.1	357960	7200	 	91.85	40
N	SM	FIDEL	FIDEL SOFTECH LIMITED	206	211	219.75	198	200	8372650	40000	 	219.75	86.2
N	SM	FONEBOX	FONEBOX RETAIL LIMITED	122.5	125	125	115	115	2466850	21000	 	217	112.25
N	SM	FORGEAUTO	FORGE AUTO INTERNATION L	102	99	100.95	90	91.55	5168640	55200	 	115	74
N	SM	FROG	FROG CELLSAT LIMITED	321.65	321.8	329.8	306	308.1	10202980	32400	 	401	131.5
N	SM	GANESHIN	GANESH INFRAWORLD LIMITED	168	169.95	174.4	153	154.35	102853920	640000	 	176.5	134.9
N	SM	GGBL	GANESH GREEN BHARAT LTD	580	581	581.4	522.05	529.9	88219605	160800	 	635	327.4
N	SM	GIRIRAJ	GIRIRAJ CIVIL DEVP LTD	313.9	268.1	290	268.1	290	206550	750	 	1001.7	268.1
N	SM	GLOBALPET	GLOBAL PET INDUSTRIES LTD	111.75	111	111	109	109.5	988500	9000	 	137.9	75.55
N	SM	GOLDSTAR	GOLDSTAR POWER LIMITED	11.25	11.25	11.25	11	11	750375	67500	 	17.25	10.1
N	SM	GOYALSALT	GOYAL SALT LIMITED	203.35	203	207	192	196.25	4168380	21000	 	249	126.75
N	SM	GREENCHEF	GREENCHEF APPLIANCES LTD	84.9	82.35	84.75	77.5	77.85	3350720	41600	 	118	63
N	SM	HOMESFY	HOMESFY REALTY LIMITED	530	510	510	503.5	505	909315	1800	 	979.3	350
N	SM	HVAX	HVAX TECHNOLOGIES LIMITED	943.7	951	981	846.05	862.9	10312185	11400	 	981	461.7
N	SM	IDEALTECHO	IDEAL TECHNOPLAST IND LTD	127.35	125.5	125.5	124.6	124.6	2251800	18000	 	145.6	88
N	SM	IEML	INDIAN EMULSIFIERS LTD	228.6	232	233	223.5	226	3408125	15000	 	546.9	220
N	SM	INDIFRA	INDIFRA LIMITED	26.8	26.8	27.8	26.8	27.8	220200	8000	 	74.9	26.15
N	SM	INM	INTERIORS & MORE LIMITED	330	330	330	310.05	310.05	570060	1800	 	383	201
N	SM	INNOMET	INNOMET ADVANCED MATERI L	182.95	174.05	174.05	165	170.5	2059140	12000	 	257	165
N	SM	INSPIRE	INSPIRE FILMS LIMITED	29.15	31	31	28.9	29.45	178700	6000	 	67.9	23.65
N	SM	JEYYAM	JEYYAM GLOBAL FOODS LTD	60.4	60.3	61.2	56.5	57.35	19537800	330000	 	69.9	44.6
N	SM	JIWANRAM	JIWANRAM SHEODUTTRA IND L	13.5	13.1	13.1	13.1	13.1	78600	6000	 	22.95	13.1
N	SM	JSLL	JEENA SIKHO LIFECARE LTD	2360.6	2400	2418	2200	2257.55	72397512	31950	 	2498.6	595.5
N	SM	KALANA	KALANA ISPAT LIMITED	44.45	43.5	43.5	41.6	43.25	514100	12000	 	52.2	32.6
N	SM	KATARIA	KATARIA INDUSTRIES LTD	150.6	148.15	149.95	144.9	149.9	977460	6600	 	247	144.9
N	SM	KLL	KAUSHALYA LOGISTICS LTD	102.55	102.55	104	98.75	99.65	4334000	43200	 	162.8	78
N	SM	KODYTECH	KODY TECHNOLAB LIMITED	1564.9	1555.55	1585.3	1500	1503	12737545	8300	 	4175	625
N	SM	KOTYARK	KOTYARK INDUSTRIES LTD	906.85	906.85	910	870	882	19648910	22100	 	1582	818.5
N	SM	KRISHCA	KRISHCA STRAPPING SLTN L	305.95	304.05	304.05	291.1	293.1	5647700	19000	 	430	191
N	SM	KRISHIVAL	KRISHIVAL FOODS LIMITED	249.95	240	249.9	239.15	249.9	484125	2000	 	332.95	213
N	SM	LAKSHYA	LAKSHYA POWERTECH LIMITED	315.8	323.7	328	308	313.3	34357440	108000	 	376.95	245.6
N	SM	LAWSIKHO	ADDICTIVE LEARNING TECH L	350.5	348.05	352.85	335	337.05	15587025	45500	 	448.5	187.5
N	SM	LLOYDS	LLOYDS LUXURIES LIMITED	101.2	104	104	90	91.4	5567700	59000	 	154.1	67.55
N	SM	MACOBSTECH	MACOBS TECHNOLOGIES LTD	163	155	163	155	158	876840	5600	 	197	94.25
N	SM	MADHAVBAUG	VAIDYA SANE AYUR LAB LTD	136.05	132	136	131.1	132.3	847520	6400	 	251	107
N	SM	MADHUSUDAN	MADHUSUDAN MASALA LIMITED	213.95	216	216.5	210	210.7	4036450	19000	 	229	96
N	SM	MAHICKRA	MAHICKRA CHEMICAL LIMITED	110.05	108	108	98.2	101	6033525	60750	 	159.35	89.8
N	SM	MAKS	MAKS ENERGY SOL INDIA LTD	43	42	42	42	42	63000	1500	 	104.2	42
N	SM	MAL	MANGALAM ALLOYS LIMITED	42	41.05	42	40.6	41.5	1120320	27200	 	55.85	32.55
N	SM	MANDEEP	MANDEEP AUTO INDUSTRIES L	35	33.8	34	33.3	34	470600	14000	 	74.4	32.65
N	SM	MARCO	MARCO CABLE & CONDUCTOR L	65.4	65.4	66.65	60.15	60.95	3318000	52500	 	83.95	38.1
N	SM	MAXPOSURE	MAXPOSURE LIMITED	100.7	102	102	91.6	94.9	5742400	60000	 	145	65.55
N	SM	MDL	MARVEL DECOR LIMITED	122.75	120.1	122.85	116.7	120	2156400	18000	 	143.25	83.95
N	SM	MEGATHERM	MEGATHERM INDUCTION LTD	368.25	374	374	349.85	349.85	10014680	28400	 	490	195
N	SM	MHHL	MOHINI HEALTH&HYGIENE LTD	66.75	66.05	68.4	61	64.2	22040775	343500	 	70.9	46
N	SM	MILTON	MILTON INDUSTRIES LIMITED	42.85	40.7	40.7	40.7	40.7	179080	4400	 	48.35	29
N	SM	MONOPHARMA	MONO PHARMACARE LIMITED	34.65	32.95	34	32.95	32.95	794100	24000	 	75	31.8
N	SM	MOXSH	MOXSH OVERSEAS EDUCON LTD	39.35	39.5	39.5	39.5	39.5	126400	3200	 	210.5	36.4
N	SM	MPTODAY	M P TODAY MEDIA LIMITED	46	43.7	43.7	43.7	43.7	87400	2000	 	47.5	30.05
N	SM	MVKAGRO	M.V.K. AGRO FOOD PROD LTD	39.95	41.1	41.1	38.5	38.5	1235280	31200	 	87	36
N	SM	MWL	MANGALAM WORLDWIDE LTD	161.3	161.3	161.3	157	157.05	1530000	9600	 	184	111.35
N	SM	MYMUDRA	MY MUDRA FINCORP LIMITED	79.1	79.4	80.95	76	76.55	2930820	37200	 	130.05	75
N	SM	NEWJAISA	NEWJAISA TECHNOLOGIES LTD	83.5	83.5	83.5	79.1	80.95	5220000	64500	 	156.8	70.05
N	SM	NIDAN	NIDAN LABS AND HEALTH LTD	28.75	28.75	28.75	27.6	27.6	85050	3000	 	41.15	27
N	SM	NPST	NETWORK PEOPLE SRV TECH L	2546.95	2506.6	2575	2500	2545.95	41077605	16150	 	3577	950
N	SM	OLIL	ONECLICK LOGISTICS IND L	107	108.85	110	108.85	108.9	1963740	18000	 	130.75	54.1
N	SM	ORIANA	ORIANA POWER LIMITED	2392.7	2381	2381	2243.5	2253.75	166833648.8	73050	 	2984	485
N	SM	OWAIS	OWAIS METAL & MINERAL	991.3	991.5	1000	896.7	905	57433325	62200	 	1569	231.35
N	SM	PARTYCRUS	PARTY CRUISERS LIMITED	129.5	133	133	125.1	126.4	2195050	17000	 	140	95
N	SM	PCCL	PETRO CARBON AND CHEMI L	207	213.95	213.95	201	202.8	2959260	14400	 	382.8	192.85
N	SM	PENTAGON	PENTAGON RUBBER LIMITED	92.8	90.25	97.95	88	89.1	2297500	25000	 	160	76.6
N	SM	PLADAINFO	PLADA INFOTECH SERVICES L	25.8	26	27.45	26	27.45	160350	6000	 	46	24.5
N	SM	POLYSIL	POLYSIL IRRIGATION SYST L	26.5	26.2	26.2	26.2	26.2	52400	2000	 	58.8	26
N	SM	PPSL	PICTUREPOST STUDIOS LTD	36.2	35.2	36.2	33.25	33.6	4152000	120000	 	44.2	28
N	SM	PRAMARA	PRAMARA PROMOTIONS LTD	139.9	133.4	133.4	132.9	132.9	1728700	13000	 	187.95	82.25
N	SM	PRANIK	PRANIK LOGISTICS LIMITED	105.6	106.05	106.05	92	94.95	6675920	68800	 	112.95	68
N	SM	PREMIUM	PREMIUM PLAST LIMITED	45	47.65	47.95	45.1	45.9	1810050	39000	 	51.75	35.5
N	SM	PRLIND	PREMIER ROADLINES LIMITED	123.9	124	128.8	122.45	124.95	14523800	115000	 	174.9	68.65
N	SM	PROLIFE	PROLIFE INDUSTRIES LTD	345.4	361	361	342	347.95	4571100	13000	 	361	187
N	SM	PROV	PROVENTUS AGROCOM LIMITED	1664.05	1621	1640	1621	1640	521760	320	 	1890	908
N	SM	PSFL	PARAMOUNT SPECIALI FORG L	68.5	67.1	69	64.8	65.95	3976100	60000	 	87.15	56.2
N	SM	PURPLEUTED	PURPLE UNITED SALES LTD	186.15	185	185	172	173.35	32100000	182000	 	235	172
N	SM	PURVFLEXI	PURV FLEXIPACK LIMITED	188.65	185.3	185.5	171	173.1	2001160	11200	 	273	150
N	SM	QMSMEDI	QMS MEDICAL ALLIED S LTD	113	110.65	110.65	108.95	108.95	547750	5000	 	189	90.25
N	SM	QUADPRO	QUADPRO ITES LIMITED	4.3	4.4	4.4	4.15	4.15	514800	120000	 	8.8	4.15
N	SM	QUESTLAB	QUEST LABORATORIES LTD	138.45	144.6	147.15	138	140.45	15330840	108000	 	196.8	85.1
N	SM	RADIOWALLA	RADIOWALLA NETWORK LTD	114	108.85	109.1	104.05	109.1	688000	6400	 	150	102.25
N	SM	RAJINDLTD	RAJPUTANA INDUSTRIES LTD	89.35	91.95	92	85.6	86.9	4229250	48000	 	120	72.2
N	SM	RAJPUTANA	RAJPUTANA BIODIESEL LTD	358.15	345	353.8	328	333.8	37489100	111000	 	383.85	247
N	SM	RCDL	RAJGOR CASTOR DERIVATI L	27.95	27.95	27.95	26.75	26.75	246450	9000	 	56	21.95
N	SM	REMUS	REMUS PHARMACEUTICALS L	2513.5	2460	2489	2350	2372.5	12927090	5350	 	8747	1785.1
N	SM	REXPIPES	REX PIPES AND CABLES LTD	73.8	71	71	71	71	142000	2000	 	91.85	54
N	SM	RITEZONE	RITE ZONE CHEMCON IND LTD	45.75	43.7	43.7	43.65	43.65	209600	4800	 	74.9	37.85
N	SM	ROCKINGDCE	ROCKINGDEALS CIRCU ECO L	607.05	614	647.95	587	599.15	59501837.5	97250	 	687.5	363.6
N	SM	ROXHITECH	ROX HI TECH LIMITED	98.7	99.95	99.95	95	96.15	11098240	115200	 	191.4	95
N	SM	RULKA	RULKA ELECTRICALS LIMITED	288.95	290.05	290.05	278	278	3815265	13500	 	666.6	278
N	SM	SAAKSHI	SAAKSHI MEDTEC N PANELS L	216.95	216.95	216.95	205.05	208.7	4674690	22200	 	369	176.05
N	SM	SADHAV	SADHAV SHIPPING LIMITED	158.05	163.9	164	145.85	149.9	4817640	31800	 	274	131
N	SM	SAHAJ	SAHAJ FASHIONS LIMITED	14.2	14.95	15	14.95	15	239800	16000	 	35.4	12.6
N	SM	SAHASRA	SAHASRA ELECTRONIC SOLU L	593.85	618	618	550	563.8	148662080	255600	 	1013	495.05
N	SM	SAIFL	SAMEERA AGRO AND INFRA L	97	96	96	92	92	823560	8800	 	154	76
N	SM	SAJHOTELS	SAJ HOTELS LIMITED	48.65	48	48.5	46	46.95	1321600	28000	 	63.4	40.1
N	SM	SAROJA	SAROJA PHARMA INDUS IND L	55.5	54.6	54.6	54.6	54.6	87360	1600	 	70.75	33.1
N	SM	SARTELE	SAR TELEVENTURE LIMITED	278.55	279.9	286	261	265.3	46867725	169000	 	413.7	191.05
N	SM	SATIPOLY	SATI POLY PLAST LIMITED	203.95	197	197	190.3	191.5	969300	5000	 	268.7	177
N	SM	SCML	SHARP CHUCKS N MACHINES L	129.95	128	133.8	126.5	126.75	908000	7000	 	148	55
N	SM	SDREAMS	S D RETAIL LIMITED	170.1	165.5	168.4	161.4	161.7	2789650	17000	 	215	131
N	SM	SERVICE	SERVICE CARE LIMITED	76.8	75.5	80	75.5	77	1233100	16000	 	101	52.05
N	SM	SFML	SUPREME FACILITY MGMT LTD	62.7	62.05	63.9	54	55.55	31864320	564800	 	75	45
N	SM	SHEETAL	SHEETAL UNIVERSAL LIMITED	74.2	74.8	74.95	71	72	731500	10000	 	86.95	54.5
N	SM	SHERA	SHERA ENERGY LIMITED	198.4	202.5	202.5	191.05	192.05	6866950	35000	 	235	113.05
N	SM	SHIGAN	SHIGAN QUANTUM TECH LTD	119	119	119	110.1	115	694650	6000	 	166.8	89.7
N	SM	SHREEKARNI	SHREE KARNI FABCOM LTD	703.75	738	738	670.6	686.25	6737250	9600	 	849	260
N	SM	SHREEOSFM	SHREE OSFM E-MOBILITY LTD	128.6	128.6	129	126	126	1275400	10000	 	215	78
N	SM	SHRITECH	SHRI TECHTEX LIMITED	72.55	71.95	72.95	70.5	72	2593000	36000	 	101	51.5
N	SM	SIDDHIKA	SIDDHIKA COATINGS LIMITED	202.1	212	212	200	200	1250000	6000	 	355.35	116.85
N	SM	SIGNORIA	SIGNORIA CREATION LIMITED	115	112	112	109.25	109.25	551500	5000	 	198	109.25
N	SM	SKP	SKP BEARING INDUSTRI. LTD	256.5	251.1	256.35	250.5	250.5	5904800	23500	 	344.95	190
N	SM	SMVD	SMVD POLY PACK LIMITED	11.55	11	11	11	11	44440	4040	 	16.6	8.8
N	SM	SOLEX	SOLEX ENERGY LIMITED	1394.1	1275	1377.1	1269.9	1295.3	63457362.5	48875	 	1919.1	525
N	SM	SOTAC	SOTAC PHARMACEUTICALS LTD	111	105.9	105.9	105.9	105.9	127080	1200	 	202.8	87.1
N	SM	SPECTRUM	SPECTRUM ELECTRIC IND LTD	2282.6	2125	2210	2090	2175.6	8437993.75	3875	 	2520	1060.05
N	SM	SRIVASAVI	SRIVASAVI ADHESIVE TAPE L	104.2	100.05	101.1	99.75	100	1201250	12000	 	167.8	93.5
N	SM	SUNLITE	SUNLITE RECYCLING IND LTD	153.7	150	150	145	148	3168300	21600	 	210	145
N	SM	SUNREST	SUNREST LIFESCIENCE LTD	51.5	54.7	54.7	53	53	172320	3200	 	79	49
N	SM	SWASTIK	SWASTIK PIPE LIMITED	54.9	55.65	56.5	50.5	51	1946160	36000	 	108.9	50.5
N	SM	SYLVANPLY	SYLVAN PLYBOARD (INDIA) L	90	89	89	82.25	86.45	861300	10000	 	139	62.7
N	SM	SYNOPTICS	SYNOPTICS TECHNOLOGIES L	120.1	120	120	113	116.75	2253240	19200	 	154.8	81.75
N	SM	SYSTANGO	SYSTANGO TECHNOLOGIES LTD	288	287.15	296.4	264.8	269.9	31491140	113200	 	407.7	199.5
N	SM	TAPIFRUIT	TAPI FRUIT PROCESSING LTD	109.2	112.95	112.95	112.95	112.95	84712.5	750	 	175	95
N	SM	TCL	THAAI CASTING LIMITED	143.75	141.2	143.1	136.2	137.95	3012040	21600	 	261.65	128.5
N	SM	TIMESCAN	TIMESCAN LOGISTICS IND L	67.75	67.75	70.75	64.4	65.05	1831200	28000	 	171	56.6
N	SM	TIRUPATI	SHREE TIRUPATI BALAJEE	873.95	870	899	870	897.5	6507500	7250	 	999.85	455
N	SM	TRIDHYA	TRIDHYA TECH LIMITED	37.1	37	37.5	36.4	36.4	332700	9000	 	44.4	25.55
N	SM	TROM	TROM INDUSTRIES LIMITED	251.4	252.65	252.65	236	237.35	10527780	43200	 	330.95	195
N	SM	TRUST	TRUST FINTECH LIMITED	160.7	161.8	165	150	155.05	11887380	75600	 	316	136.2
N	SM	TUNWAL	TUNWAL E-MOTORS LIMITED	49.35	49.1	49.25	46.6	46.9	13230900	276000	 	64	39.2
N	SM	UMA	UMA CONVERTER LIMITED	42.7	41.9	43.9	39.05	39.45	10733400	260000	 	45.05	24.05
N	SM	UNIHEALTH	UNIHEALTH HOSPITALS LTD	143	142	144	140.2	141	1702300	12000	 	178	109
N	SM	UNILEX	UNILEX COLOURS AND CHEM L	85.85	89	89	84.9	84.9	2191360	25600	 	89	65.7
N	SM	USASEEDS	UPSURGE SEEDS OF AGRI LTD	234	220.05	224	214.5	221.5	462015	2100	 	421	214.5
N	SM	USHAFIN	USHA FINANCIAL SERVICES L	124.3	124.65	127.95	118.05	119.5	9007240	73600	 	168	113.7
N	SM	VASA	VASA RETAIL & OVERSEA LTD	6.65	6.35	6.35	6.35	6.35	25400	4000	 	8.55	4.1
N	SM	VDEAL	VDEAL SYSTEM LIMITED	169.65	176	197	176	176.95	9564180	51600	 	204	116.2
N	SM	VERTEXPLUS	VERTEXPLUS TECHNOLOGIES L	101	105	105	105	105	63000	600	 	218.9	95.95
N	SM	VIAZ	VIAZ TYRES LIMITED	70.5	71.4	71.4	71.4	71.4	142800	2000	 	73.5	44.25
N	SM	VIESL	VISION INFRA EQUIP SOL L	209.7	210	212	192	199.9	25940680	129600	 	228.7	159
N	SM	VILINBIO	VILIN BIO MED LIMITED	24	24	24	24	24	96000	4000	 	30.45	15.4
N	SM	VINSYS	VINSYS IT SERVICES IND LT	420.75	415.5	415.5	398.1	400.65	6642325	16500	 	449.7	240
N	SM	VISAMAN	VISAMAN GLOBAL SALES LTD	42.95	41.95	41.95	39.05	40	2526300	63000	 	48.75	37.4
N	SM	VISHWAS	VISHWAS AGRI SEEDS LTD	84.3	82	85	81.05	83.95	7051040	84800	 	96.7	58
N	SM	VITAL	VITAL CHEMTECH LIMITED	74.9	74.35	74.4	70.6	72.3	1418400	19200	 	115.4	67.05
N	SM	WALPAR	WALPAR NUTRITIONS LIMITED	52.5	52.5	52.5	52.5	52.5	105000	2000	 	153.95	44
N	SM	WINSOL	WINSOL ENGINEERS LIMITED	271.5	284.95	310	280	296.5	37092400	127200	 	592	251
N	SM	WOL3D	WOL 3D INDIA LIMITED	144	140.75	140.75	138.3	138.3	699700	5000	 	189.05	130.1
N	SM	YASHOPTICS	YASH OPTICS & LENS LTD	88.35	87.5	88	86	86.15	1667440	19200	 	121.85	80
N	SM	YCCL	YASONS CHEMEX CARE LTD	19.9	19.05	19.05	18	18.75	1001400	54000	 	43	18
N	SM	YUDIZ	YUDIZ SOLUTIONS LIMITED	61.5	58.55	60	58.55	60	473280	8000	 	167.9	50.35
N	SM	ZEAL	ZEAL GLOBAL SERVICES LTD	178	182.05	182.05	172.1	172.35	1908870	10800	 	294.4	148
N	ST	ABCOTS	A B COTSPIN INDIA LIMITED	474.25	489	495	475	478.7	12788050	26500	 	516	123.35
N	ST	ABHAPOWER	ABHA POWER N STEEL LTD	50.45	48.65	49	47.95	47.95	3933520	81600	 	81.9	45.5
G	ST	AHIMSA	AHIMSA INDUSTRIES LTD.	71.75	73.15	73.15	73.15	73.15	219450	3000	 	73.15	15.1
N	ST	AIMTRON	AIMTRON ELECTRONICS LTD	585	614.25	614.25	567.2	590.7	133807000	226400	 	729.95	240.1
N	ST	AISL	ANI INTEGRATED SERV LTD.	174.85	166.15	166.15	166.1	166.1	398670	2400	 	218.45	65.7
N	ST	AKANKSHA	AKANKSHA POWER N INFRA L	148.75	156	156.15	150	155.75	19573450	126000	 	191.9	73
N	ST	ALLETEC	ALL E TECHNOLOGIES LTD	520.3	510	528.95	494.3	523.4	28781440	56800	 	633	215.1
G	ST	AMBANIORGO	AMBANI ORGOCHEM LIMITED	144	146.5	146.5	141.15	141.15	721600	5000	 	150	76.15
N	ST	AMEYA	AMEYA PRECISION ENG LTD	120.9	121.3	126.9	121	121	3275500	26000	 	143.85	43.55
N	ST	ANYA	ANYA POLYTECH & FERTI LTD	18.8	19.7	19.7	17.9	17.9	75095000	4070000	 	19.7	17
N	ST	APRAMEYA	APRAMEYA ENGINEERING LTD	121.05	127.1	127.1	118.25	120	3196400	26000	 	127.1	55
N	ST	APS	AUSTRALIAN PREM SOLAR I L	529.65	529	529	505.25	509.4	15214362.5	29500	 	669.9	140
G	ST	ARIHANTACA	ARIHANT ACADEMY LIMITED	247.35	242.45	242.45	242.4	242.4	581840	2400	 	252.4	117
N	ST	ARVINDPORT	ARVIND PORT AND INFRA LTD	92.25	89	89	87.65	87.65	659925	7500	 	152.8	38.05
N	ST	ASCOM	ASCOM LEASIN & INVEST LTD	127.6	121.25	121.25	121.25	121.25	60625	500	 	277.65	110.6
N	ST	ASHALOG	ASHAPURA LOGISTICS LTD	95.6	100.35	100.35	96.1	96.5	4374200	44000	 	194.25	84.4
N	ST	ASPIRE	ASPIRE & INNOVATIVE ADV L	46.7	46.7	46.7	45.3	46	458600	10000	 	132	41
G	ST	ATMASTCO	ATMASTCO LIMITED	283.95	282.6	282.6	278.3	278.3	12200600	43600	 	393.9	90.05
N	ST	AURDIS	AURANGABAD DISTILLERY LTD	218.05	223.55	225	213	213	679718.75	3125	 	432.75	203.7
N	ST	AVIANSH	AVI ANSH TEXTILE LIMITED	108.7	109	110	105.5	105.5	3666200	34000	 	113	64.6
N	ST	AVPINFRA	AVP INFRACON LIMITED	239.8	251.75	251.75	251.75	251.75	26383400	104800	 	251.75	63
N	ST	BAHETI	BAHETI RECYCLING IND LTD	405	410	411	400	400	1065375	2625	 	480.8	156
N	ST	BALCO	SOLVE PLASTIC PRODUCTS L	47.65	47.35	47.35	47.35	47.35	56820	1200	 	112.45	44.5
G	ST	BASILIC	BASILIC FLY STUDIO LTD	344	343.9	343.9	337.15	337.15	2134170	6300	 	657.6	280.85
N	ST	BEWLTD	BEW ENGINEERING LIMITED	261.85	264.9	264.9	248.75	250.95	12383475	49500	 	1935	204.95
N	ST	BOSS	BOSS PACKAGING SOLU LTD	48.5	48.5	48.5	48.5	48.5	97000	2000	 	86.6	45.25
N	ST	BRACEPORT	BRACE PORT LOGISTICS LTD	101.05	102	102	99	99	1944800	19200	 	184.65	95.5
N	ST	CADSYS	CADSYS (INDIA) LIMITED	114.35	120.05	120.05	108.65	108.65	1112900	10000	 	511	102
G	ST	CMNL	CHAMAN METALLICS LIMITED	143.6	146	146	141	141	1279200	9000	 	146	64
G	ST	COMMITTED	COMMITTED CARGO CARE LTD	144.05	144.05	146.9	143.85	146.9	1160880	8000	 	146.9	48.5
N	ST	CONTI	CONTINENTAL SEED CHEM LTD	37	35.15	35.15	35.15	35.15	351464.85	9999	 	70.15	17.95
N	ST	COOLCAPS	COOL CAPS INDUSTRIES LTD	844.25	845	845	825	825.1	33581812.5	40500	 	880.55	310
G	ST	CPS	C P S SHAPERS LIMITED	657.6	670.65	670.65	644.5	644.5	1191090	1800	 	670.65	246.05
N	ST	DECCANTRAN	DECCAN TRANSCON LEASING L	67.2	65.1	65.1	63.85	63.85	2156460	33600	 	117.9	57.3
N	ST	DENEERS	DE NEERS TOOLS LIMITED	340.6	342.3	342.35	323.6	325.05	5725320	17400	 	349.95	175
N	ST	DHANLAXMI	DHANLAXMI CROP SCIENCE L	78.5	79.5	79.5	74.6	74.6	7231700	96000	 	110	62
N	ST	DIGIKORE	DIGIKORE STUDIOS LIMITED	290.9	287	302.5	286	297.55	3142440	10600	 	666	265.65
G	ST	DPEL	DIVINE POWER ENERGY LTD	141.95	141.95	141.95	139.15	139.15	1904925	13500	 	162.75	66.25
G	ST	DRONE	DRONE DESTINATION LIMITED	211	206.8	206.8	206.8	206.8	1240800	6000	 	462	117
N	ST	DYNAMIC	DYNAMIC SRVCS & SEC LTD	374.95	377.4	377.4	356.2	356.2	8126175	22500	 	404.35	93.05
N	ST	EFACTOR	E FACTOR EXPERIENCES LTD	280	266	266	266	266	425600	1600	 	328.8	112
G	ST	EFFWA	EFFWA INFRA & RESEARCH L	250	252	252	245	245	3253600	13200	 	389.15	155.8
N	ST	EMMIL	ENERGY MISSION MACH IND L	331.95	325	330	316	320	2087212.5	6500	 	581.5	290
N	ST	ENFUSE	ENFUSE SOLUTIONS LIMITED	237.45	225.6	225.6	225.6	225.6	406080	1800	 	256.75	97.5
N	ST	ENSER	ENSER COMMUNICATIONS LTD	167.15	175.5	175.5	175.5	175.5	8073000	46000	 	327.2	62
N	ST	ESCONET	ESCONET TECHNOLOGIES LTD	346.25	360	363.55	350.7	351.55	16411600	45600	 	539.95	142
N	ST	ESFL	ESSEN SPECIALITY FILMS L	728.3	711	720	691.9	692.05	53376552	76320	 	757.25	135
G	ST	FELIX	FELIX INDUSTRIES LTD.	175.45	178.95	178.95	171.95	176.5	9616050	54500	 	454.9	139.75
G	ST	FORCAS	FORCAS STUDIO LIMITED	109.55	107.35	107.35	107.35	107.35	171760	1600	 	159.6	80
N	ST	FRESHARA	FRESHARA AGRO EXPORTS LTD	205.6	207	207	195.35	195.35	21718980	109200	 	207	110
N	ST	GAJANAND	GAJANAND INTERNATIONAL L	19	18.15	19	18.15	18.3	553200	30000	 	43	17.35
N	ST	GICL	GLOBE INTL CARRIERS LTD	96	98	98	98	98	147000	1500	 	104.4	35.65
N	ST	GPECO	GP ECO SOLUTIONS INDIA L	266.45	272.7	275.9	255.1	257.7	6151740	23400	 	470	212.2
N	ST	GRAPHISAD	GRAPHISADS LIMITED	59.5	57	57.1	56.55	56.75	1431360	25200	 	85.8	37.6
N	ST	GRCL	GAYATRI RUBB AND CHEM LTD	458.6	436	458.6	436	458.6	223650	500	 	524.75	190
G	ST	GSMFOILS	GSM FOILS LIMITED	120.7	118.35	118.35	118.3	118.3	4258900	36000	 	125.5	30.5
N	ST	GSTL	GLOBESECURE TECHNO LTD	35.05	36.8	36.8	33.3	34.7	2667800	75000	 	86.45	28.75
N	ST	HIGREEN	HI GREEN CARBON LIMITED	280	294	294	266	289.15	25357200	89600	 	325.7	141
N	ST	HOACFOODS	HOAC FOODS INDIA LIMITED	145	143	143	142	142.5	427500	3000	 	213.8	105
N	ST	HOLMARC	HOLMARC OPTO MECHATRO L	166.05	166.05	166.05	166	166	498075	3000	 	214	76
G	ST	HRHNEXT	HRH NEXT SERVICES LIMITED	100.2	98.2	98.2	98.2	98.2	441900	4500	 	125.6	26.8
N	ST	IBLFL	IBL FINANCE LIMITED	56.75	55.05	55.5	54.7	55	1871200	34000	 	91.7	45.25
N	ST	IDENTICAL	IDENTICAL BRAINS STUDIO L	81.15	77.1	81	77.1	77.1	32643900	422000	 	99.75	73.7
G	ST	INFOLLION	INFOLLION RESEARCH SER L	409.7	402	405	402	403	2100000	5200	 	529.95	153
N	ST	IPHL	INDIAN PHOSPHATE LIMITED	81.4	81.05	82.5	80.1	80.35	3032040	37200	 	197.5	77.5
N	ST	IPSL	INTEGRATED PERSO SER LTD	328.4	312.05	312.05	312	312	312025	1000	 	336	131
N	ST	ISHAN	ISHAN INTERNATIONAL LTD	1.95	2	2	1.9	1.9	744000	384000	 	164.85	1.7
N	ST	ITALIANE	ITALIAN EDIBLES LIMITED	44.45	44	44	43.15	43.15	174300	4000	 	67.6	30.1
N	ST	ITTL	INNOVATIVE TYRE & TUBE LT	23.6	24.75	24.75	24.75	24.75	2598.75	105	 	24.75	18.6
N	ST	JAINAM	JAINAM FER ALLOYS (I) LTD	228.25	227	232.95	227	230.6	3208200	14000	 	242	117.9
G	ST	JALAN	JALAN TRANSOLU. INDIA LTD	9.9	10.05	10.05	10.05	10.05	1628100	162000	 	10.05	2.9
N	ST	JAYBEE	JAY BEE LAMINATIONS LTD	375.7	368.05	375.6	356.95	363	25147200	69000	 	456	225
N	ST	K2INFRA	K2 INFRAGEN LIMITED	159.55	154.35	155.1	151.6	151.6	5398110	35400	 	329	134.75
G	ST	KANDARP	KANDARP DG SMART BPO LTD	49.15	50	50	50	50	1000000	20000	 	58.95	16.5
G	ST	KARNIKA	KARNIKA INDUSTRIES LTD	376.9	369.4	378	369.4	378	601360	1600	 	387.25	127.15
N	ST	KCEIL	KAY CEE ENERGY & INFRA L	354.55	347	360	336.85	346.2	11112350	32000	 	424.5	171.4
G	ST	KCK	KCK INDUSTRIES LTD	59.3	58.15	60.45	58.15	60.45	883750	15000	 	324.5	21.4
N	ST	KDL	KORE DIGITAL LIMITED	1744.35	1701	1800	1658.05	1700.9	20759407.5	12100	 	2856.15	634
N	ST	KEL	KUNDAN EDIFICE LIMITED	147.1	140	144	140	144	508920	3600	 	243.95	131.05
N	ST	KNAGRI	KN AGRI RESOURCES LIMITED	268.75	270.9	272	259	259.6	7111000	26800	 	310	112
G	ST	KONSTELEC	KONSTELEC ENGINEERS LTD	126.75	124.25	124.3	124.25	124.25	869800	7000	 	322.8	111
N	ST	KONTOR	KONTOR SPACE LIMITED	120.05	120.05	121	117.25	119	1430520	12000	 	200.05	59.65
N	ST	KORE	JAY JALARAM TECHNO LTD	350	350	359.8	332.5	332.5	849350	2500	 	873	280
N	ST	KRISHNADEF	KRISHNA DEF AND ALD IND L	764.4	764.4	802.6	764.4	799.7	88041787.5	111500	 	1130	302
N	ST	KTL	KALAHRIDHAAN TRENDZ LTD	26.3	27.6	27.6	27.5	27.5	496200	18000	 	71.95	24.2
G	ST	LAMOSAIC	LAMOSAIC INDIA LIMITED	95.2	93.3	93.3	93.3	93.3	279900	3000	 	172.2	84.1
N	ST	LEMERITE	LE MERITE EXPORTS LIMITED	281.4	282	283.5	275	278.85	2229200	8000	 	285	41
G	ST	LRRPL	LEAD REC AND RUB PROD LTD	81.7	81.7	81.7	81.7	81.7	612750	7500	 	121.65	28.65
N	ST	MAITREYA	MAITREYA MEDICARE LIMITED	354	345.05	355	336.5	346.8	3169940	9200	 	400	111
N	ST	MARINETRAN	MARINETRANS INDIA LIMITED	22.8	22.8	23.8	22.8	23.8	186400	8000	 	51.45	19.1
G	ST	MASON	MASON INFRATECH LIMITED	139.85	142.4	142.4	137.05	137.1	1967950	14000	 	218.75	83.6
N	ST	MASTER	MASTER COMPONENTS LIMITED	314.9	314.9	314.9	314.9	314.9	157450	500	 	380	130
N	ST	MCON	MCON RASAYAN INDIA LTD	199.5	196	196	190	190.5	1342450	7000	 	244.35	105.35
G	ST	MEDIORG	MEDICAMEN ORGANICS LTD	51.8	52.8	52.8	50.85	50.85	518200	10000	 	159.4	47
N	ST	MEGAFLEX	MEGA FLEX PLASTICS LTD	50.25	47.8	47.8	47.8	47.8	143400	3000	 	75	28.95
N	ST	MOS	MOS UTILITY LIMITED	280.95	280	284	268	277.9	6514820	23600	 	374.95	86.55
G	ST	NAMAN	NAMAN IN-STORE (INDIA) L	147.6	150.55	150.55	144.65	144.65	1291800	8800	 	257	80
N	ST	NAMOEWASTE	NAMO EWASTE MANAGEMENT L	216.3	215	218	205.5	205.5	22073360	105600	 	284	135.2
N	ST	NEELAM	NEELAM LINENS & GAR (I) L	57.4	59	59	57.95	57.95	1049700	18000	 	74.4	36.15
N	ST	NEPHROCARE	NEPHRO CARE INDIA LIMITED	193	191	191	184.3	186.3	3716340	19600	 	378.8	171
N	ST	NIRMAN	NIRMAN AGRI GENTICS LTD	407.65	401.1	428	400	426.2	32315160	76800	 	484.4	175.7
N	ST	NMSTEEL	NEWMALAYALAM STEEL LTD	72.05	71.8	73	68.45	68.45	18924960	275200	 	90	66.25
G	ST	OBSCP	OBSC PERFECTION LIMITED	254.6	259.65	259.65	259	259.65	55733040	214800	 	259.65	110
N	ST	OMFURN	OMFURN INDIA LIMITED	105.7	103	104.9	100.45	102.65	4401240	43200	 	109.5	52.5
N	ST	ONDOOR	ON DOOR CONCEPTS LIMITED	279.95	289.9	293.9	289.75	290.2	6803040	23400	 	544.9	226
N	ST	ONYX	ONYX BIOTEC LIMITED	90.15	89	89	85.65	85.65	1038400	12000	 	97.45	51
N	ST	OSELDEVICE	OSEL DEVICES LIMITED	326.3	334	342.6	325	336.8	66262160	195200	 	342.6	169.6
N	ST	PARAGON	PARAGON FINE S.C. LTD.	94.2	96.5	96.7	93.15	93.85	4631280	49200	 	183	92.35
N	ST	PARIN	PARIN ENTERPRISES LIMITED	383	365	385	363.85	380	3320700	9000	 	410.95	106.4
N	ST	PASHUPATI	PASHUPATI COTSPIN LIMITED	536	533	561.5	533	561.5	325500	600	 	613.2	85
N	ST	PELATRO	PELATRO LIMITED	493	493	493	468.35	468.35	4244250	9000	 	559.9	263
N	ST	PERFECT	PERFECT INFRAENGINEER LTD	21	19.95	19.95	19.95	19.95	359100	18000	 	61.35	16.95
N	ST	PHANTOMFX	PHANTOM DIGITAL EFF LTD	232.05	239	239	220.45	221.65	6214365	27300	 	578	205.15
N	ST	PHOGLOBAL	PHOENIX OVERSEAS LIMITED	29.1	29.45	30	28.35	28.8	1346600	46000	 	64	26.35
N	ST	POSITRON	POSITRON ENERGY LIMITED	332	335.9	340	315.4	316.3	7184460	22200	 	668.2	300
N	ST	PRATHAM	PRATHAM EPC PROJECTS LTD	230.8	242.3	242.3	219.3	219.3	14159840	61600	 	496.8	96
N	ST	PRECISION	PRECISION METALIKS LTD	44.5	42.8	42.8	42.3	42.3	254900	6000	 	70.9	39
G	ST	PRESSTONIC	PRESSTONIC ENGINEERING L	118	117.9	117.9	115.65	115.65	1482120	12800	 	210	80.35
G	ST	PRITIKA	PRITIKA ENG COMPO LTD	196.3	192.4	192.4	192.4	192.4	1346800	7000	 	210	46.5
N	ST	PRIZOR	PRIZOR VIZTECH LIMITED	193.95	203.6	203.6	203.6	203.6	17265280	84800	 	229.45	115
G	ST	PULZ	PULZ ELECTRONICS LIMITED	70.05	71.45	71.45	68.65	68.65	1115200	16000	 	210.15	64.75
N	ST	QUICKTOUCH	QUICKTOUCH TECHNOLOGIES L	98.45	94.05	95.95	93.55	93.55	567375	6000	 	256.95	83.15
N	ST	QVCEL	QVC EXPORTS LIMITED	43.35	42.9	42.9	42.5	42.5	342400	8000	 	162	42
N	ST	RAPPID	RAPPID VALVES (INDIA) LTD	336.95	336.95	336.95	320.4	323.15	3339660	10200	 	430	245.6
N	ST	RBMINFRA	RBM INFRACON LIMITED	709.25	701	711	673.85	677.6	19783570	28800	 	1049	421.05
N	ST	RBS	RAMDEVBABA SOLVENT LTD	140	139.1	140.9	134.2	139.45	13708880	99200	 	150.5	80.1
N	ST	REFRACTORY	REFRACTORY SHAPES LIMITED	92.95	92.95	93	88.3	88.45	2357950	26000	 	283	75
N	ST	RILINFRA	RACHANA INFRA LTD	44.35	44	44	42.15	42.15	976250	23100	 	97.2	27
G	ST	RMDRIP	R M DRIP & SPRINK SYS LTD	408.2	408.2	409.95	407.9	407.9	2449050	6000	 	444	95
N	ST	RNFI	RNFI SERVICES LIMITED	252	256.9	264	244	247.05	78149160	308400	 	264	109.8
N	ST	SAHAJSOLAR	SAHAJ SOLAR LIMITED	548.6	554.9	575	535.05	551.2	47562800	85200	 	790	342
N	ST	SAHANA	SAHANA SYSTEM LIMITED	1881.95	1890	1940	1788	1810.15	20955025	11375	 	2135	620.4
G	ST	SANGANI	SANGANI HOSPITALS LIMITED	75.8	74.3	74.3	74.3	74.3	668700	9000	 	81	35.2
N	ST	SATECH	S A TECH SOFTWARE INDIA L	125.05	126	126	120.25	123.3	9140900	74000	 	250	102.05
N	ST	SECL	SALASAR EXTERIOR CONT LTD	19.6	19.6	19.6	18.8	18.8	362500	18750	 	36.75	15.25
N	ST	SEL	SUNGARNER ENERGIES LTD	527.1	517	517	515	515.5	928400	1800	 	909.2	212.65
N	ST	SHANTHALA	SHANTHALA FMCG PRODUCTS L	39.3	41.2	41.25	40	40	639780	15600	 	117.5	33.1
G	ST	SHUBHLAXMI	SHUBHLAXMI JEWEL ART LTD	36.45	35.75	35.75	35.75	35.75	286000	8000	 	92.8	24.05
G	ST	SHUBHSHREE	SHUBHSHREE BIOFUELS ENE L	396.75	396.75	404.65	396.75	404.65	9131220	22800	 	404.9	179.55
N	ST	SILKFLEX	SILKFLEX POLYMERS INDIA L	79.1	81.8	82	77	77	635600	8000	 	114.5	46.1
N	ST	SJLOGISTIC	S J LOGISTICS (INDIA) LTD	619.75	620	630	592	602.05	47388575	78250	 	725	198
G	ST	SLONE	SLONE INFOSYSTEMS LIMITED	412.55	420.8	420.8	420.8	420.8	3703040	8800	 	420.8	80.25
N	ST	SONAMAC	SONA MACHINERY LIMITED	124.75	125.05	125.1	120	120.25	2561700	21000	 	249.9	113.65
G	ST	SONUINFRA	SONU INFRATECH LIMITED	127.25	129.75	129.75	129.75	129.75	778500	6000	 	129.75	39
N	ST	SPCL	SHIVALIC POWER CONTROL L	237.2	238.05	238.5	225.35	225.45	11269740	49200	 	396.75	190
N	ST	SPECTSTM	SPECTRUM TALENT MGMT LTD	192.5	193	193	182.9	188	2066240	11200	 	216	73.55
N	ST	SPPPOLY	SPP POLYMER LIMITED	33.5	34	34.2	31.85	31.85	661000	20000	 	63	31.35
N	ST	SSEGL	SATHLOKHAR SYN E&C GLOB L	492.95	498	498	468.3	469.1	29608270	62400	 	695.45	222.95
N	ST	SSFL	SRIVARI SPICES N FOODS L	213.15	213.15	216	207	209.25	4209975	20000	 	417.95	196
N	ST	SUPREMEPWR	SUPREME POWER EQUIPMENT L	240.85	244	244.9	230	230.5	14616250	62000	 	420	101.3
N	ST	SURANI	SURANI STEEL TUBES LTD.	195	195	195	185.25	185.25	447310	2400	 	734.6	140
N	ST	SWARAJ	SWARAJ SUITING LIMITED	236.65	237.85	237.85	225.15	231.95	3219875	14000	 	364.7	99.75
G	ST	TAC	TAC INFOSEC LIMITED	1410.55	1438.75	1438.75	1400	1400	164318250	114400	 	1438.75	261.1
N	ST	TBI	TBI CORN LIMITED	191.25	190	190.9	182	186	2656290	14400	 	399.3	166
G	ST	TECHERA	TECHERA ENGINEER (IND) L	204.75	200.65	200.65	200.65	200.65	5457680	27200	 	236.1	125
N	ST	TECHLABS	TRIDENT TECHLABS LIMITED	1376.45	1445.25	1445.25	1403	1445.25	269089181.3	186750	 	1447.25	138
N	ST	TGL	TEERTH GOPICON LIMITED	610.25	597	605	579.75	583.55	20076030	34200	 	774	123
N	ST	THESL	THINKING HATS ENTER SOL L	48.5	50.7	50.9	46.1	49.6	5031150	102000	 	61	33.3
N	ST	TRANSTEEL	TRANSTEEL SEATING TECH L	91.6	92	92	88.5	91.5	13885900	154000	 	114.25	42
N	ST	UHTL	UNITED HEAT TRANSFER LTD	104	104	104	98.8	99.4	4969700	50000	 	128.7	57.95
G	ST	URBAN	URBAN ENVIRO WASTE MGMT L	680.05	693.65	693.65	666.45	667	33445440	49200	 	695.15	265.45
G	ST	UTSSAV	UTSSAV CZ GOLD JEWELS LTD	285.2	279.5	279.5	279.5	279.5	1844700	6600	 	315.25	110.05
G	ST	UWCSL	ULTRA WIRING CONN SYS LTD	166.85	163.55	163.55	163.55	163.55	163550	1000	 	200.3	83.1
N	ST	VEEKAYEM	VEEKAYEM FASH & APP LTD	262.9	262.9	268.9	262.9	267.15	1598775	6000	 	337.95	92
N	ST	VERA	VERA SYNTHETIC LIMITED	91.5	91.5	91.5	91.5	91.5	137250	1500	 	118	46.8
N	ST	VILAS	VILAS TRANSCORE LIMITED	475.4	480	485	451.65	453.05	22885462.5	49500	 	566.5	203.8
G	ST	VINYAS	VINYAS INNOVATIVE TECH L	919	937.35	937.35	918	918	10602210	11400	 	1442.5	520
N	ST	VISHNUINFR	VISHNUSURYA PROJ N INFR L	255	255.05	260	249	251.1	5181000	20500	 	465.45	165.05
N	ST	VIVIANA	VIVIANA POWER TECH LTD	1025.8	1053	1076	976	1036.1	15771137.5	15500	 	1195	249
G	ST	VLINFRA	V.L.INFRAPROJECTS LIMITED	56.15	57.25	57.25	57.2	57.25	3949125	69000	 	141	47.25
N	ST	VMARCIND	V MARC INDIA LIMITED	400.75	415	415	380.75	392.75	8038137.5	20250	 	494.15	69.65
N	ST	VR	V R INFRASPACE LIMITED	321	335.9	337.05	312.2	312.6	1852400	5600	 	354.9	84.7
N	ST	WINNY	WINNY IMMIGRA & EDU SER L	316.95	310	316.75	310	316.75	313375	1000	 	363	184
G	ST	WOMANCART	WOMANCART LIMITED	398.15	406	406.1	390.2	390.2	8576720	21200	 	406.1	105.9
N	ST	WTICAB	WISE TRAVEL INDIA LIMITED	165	162.5	166.9	160	161.35	2689275	16500	 	342.95	155.35
N	ST	ZENITHDRUG	ZENITH DRUGS LIMITED	83.3	87.35	87.35	79.15	83.3	5688080	68000	 	154.4	52.8
G	ST	ZTECH	Z-TECH (INDIA) LIMITED	603.75	615.8	615.8	615.8	615.8	22538280	36600	 	615.8	99.2
